{"cameraMode":{"drawMode":0,"name":"Shaded","section":"Shading Mode"},"sceneLighting":true,"audioPlay":false,"sceneViewState":{"m_AlwaysRefresh":false,"showFog":true,"showSkybox":true,"showFlares":true,"showImageEffects":true,"showParticleSystems":true,"showVisualEffectGraphs":true,"m_FxEnabled":true},"in2DMode":false,"pivot":{"x":-6.852999210357666,"y":2.90574049949646,"z":-5.468947887420654},"rotation":{"x":0.0008609998039901257,"y":0.6918903589248657,"z":0.0008217701106332243,"w":-0.7220138311386108},"size":-0.3318391442298889,"orthographic":false}